{
    "swagger": "2.0",
    "info": {
        "title": "Ic Api Integration V1 Flows Rest ATPLAB 1.0",
        "x-vb": {
            "dt-wizardType": "rest"
        },
        "version": "1.0.0"
    },
    "schemes": [
        "https"
    ],
    "host": "integration-orasenatdpltintegration02.integration.ocp.oraclecloud.com:443",
    "basePath": "/ic/api/integration/v1/flows/rest/ATPLAB/1.0",
    "definitions": {
        "Postpost": {
            "type": "object",
            "properties": {
                "city": {
                    "type": "string"
                },
                "state": {
                    "type": "string"
                },
                "addressNum": {
                    "type": "string"
                },
                "addressStreet": {
                    "type": "string"
                },
                "zipcode": {
                    "type": "string"
                },
                "country": {
                    "type": "string"
                },
                "region": {
                    "type": "string"
                }
            }
        },
        "PostpostResponse": {
            "type": "object",
            "properties": {
                "Name": {
                    "type": "string"
                },
                "Client": {
                    "type": "string"
                },
                "Response": {
                    "type": "string"
                }
            }
        }
    },
    "paths": {
        "/post": {
            "post": {
                "operationId": "postPost",
                "consumes": [
                    "application/json"
                ],
                "parameters": [
                    {
                        "x-vb": {
                            "examples": {
                                "application/json": "{\"city\": \"\", \"state\": \"\", \"addressNum\": \"\", \"addressStreet\": \"\", \"zipcode\": \"\", \"country\":\"\", \"region\": \"\"}"
                            },
                            "inferred": true
                        },
                        "schema": {
                            "$ref": "#/definitions/Postpost"
                        },
                        "name": "body",
                        "in": "body"
                    }
                ],
                "produces": [
                    "application/json"
                ],
                "responses": {
                    "default": {
                        "examples": {
                            "application/json": "\n{\"Name\":\"\", \"Client\":\"\", \"Response\":\"\"}"
                        },
                        "schema": {
                            "$ref": "#/definitions/PostpostResponse"
                        },
                        "description": "The content returned by the server."
                    },
                    "x-vb": {
                        "inferred": {
                            "default": true
                        }
                    }
                },
                "x-vb-actionHint": "retrieveMany"
            }
        }
    }
}