{"profiles":[{"id":"development","displayName":"Development","description":"Default development deployment profile","webClientApp":{"appNames":[]},"mobileClientApp":{"redirectUrl":{}},"scopes":[],"roles":{"mapping":{}},"idcsServer":{"hostUrl":"https://idcs-2e105c979e6741dda7ae6717edc4e7dc.identity.oraclecloud.com:443","adminClientId":"5B25F36745274899AB7D0E5203A66EFE_APPID","adminClientSecret":"NQ8LI0AmFx8VsoTzjErqqOjrqYuUttusCPT94bD96MS8u5QT/l/jnsBHdIQ995OtYWp8Pn/U9haKI1i8wg2cpHXSSN48hWxF2P9xDxHW1oR3UJG4ASU=","adminClientSecretSalt":"5B25F36745274899AB7D0E5203A66EFE"},"mobileBackenFqs":{"present":false}}]}