{
	"pageModelVersion": "18.4.5",
	"description": "",
	"routerFlow": "main",
	"variables": {
		"messagesADP": {
			"type": "vb/ArrayDataProvider",
			"defaultValue": {
				"idAttribute": "id",
				"itemType": "page:messageType"
			}
		}
	},
	"types": {
		"messageType": {
			"id": "string",
			"severity": "string",
			"category": "string",
			"summary": "string",
			"detail": "string",
			"timestamp": "string",
			"autoTimeout": "number"
		}
	},
	"chains": {
		"showNotification": {
			"variables": {
				"eventPayload": {
					"type": "page:messageType",
					"input": "fromCaller"
				}
			},
			"root": "displayMessage",
			"actions": {
				"displayMessage": {
					"module": "vb/action/builtin/fireDataProviderEventAction",
					"parameters": {
						"target": "{{ $page.variables.messagesADP }}",
						"add": {
							"data": "{{ [ $chain.variables.eventPayload ] }}"
						}
					}
				}
			}
		},
		"closeNotificationHandler": {
			"variables": {
				"eventMessage": {
					"type": "page:messageType",
					"input": "fromCaller"
				}
			},
			"root": "removeMessage",
			"actions": {
				"removeMessage": {
					"module": "vb/action/builtin/fireDataProviderEventAction",
					"parameters": {
						"target": "{{ $page.variables.messagesADP }}",
						"remove": {
							"keys": "{{ [ $variables.eventMessage.id ] }}"
						}
					}
				}
			}
		}
	},
	"eventListeners": {
		"vbNotification": {
			"chains": [
				{
					"chainId": "showNotification",
					"parameters": {
						"eventPayload": "{{ { id: $event.key, summary: $event.summary, detail: $event.message, category: $event.type, severity: $event.type, autoTimeout: $event.displayMode === 'transient' ? 0 : -1, timestamp: oj.IntlConverterUtils.dateToLocalIso(new Date()) } }}"
					}
				}
			]
		},
		"onMessageClose": {
			"chains": [
				{
					"chainId": "closeNotificationHandler",
					"parameters": {
						"eventMessage": "{{ $event.detail.message }}"
					}
				}
			]
		}
	},
	"imports": {
		"components": {
			"oj-messages": {
				"path": "ojs/ojmessages"
			},
			"oj-menu": {
				"path": "ojs/ojmenu"
			},
			"oj-menu-button": {
				"path": "ojs/ojbutton"
			},
			"oj-option": {
				"path": "ojs/ojoption"
			},
			"oj-toolbar": {
				"path": "ojs/ojtoolbar"
			},
			"oj-navigation-list": {
				"path": "ojs/ojnavigationlist"
			}
		}
	},
	"translations": {
		"shell": {
			"path": "./resources/strings/shell/nls/shell-strings"
		}
	}
}