{
 "pageModelVersion": "18.4.5",
 "title": "",
 "description": "",
 "variables": {
		"postRequest": {
			"type": "postRequest"
		},
		"postResponse": {
			"type": "postResponse"
		}
	},
 "types": {
		"postRequest": {
			"city": "string",
			"state": "string",
			"addressNum": "string",
			"addressStreet": "string",
			"zipcode": "string",
			"country": "string",
			"region": "string",
			"latitude": "string",
			"longitude": "string"
		},
		"@decorators.postRequest": {
			"endpoint": "postRequest",
			"service": "icApiIntegrationV1FlowsRestOAKWOODDEMO1_0",
			"path": "request"
		},
		"@decorators.postResponse": {
			"endpoint": "postPost",
			"service": "icApiIntegrationV1FlowsRestOAKWOODDEMO1_0",
			"path": "response"
		},
		"postResponse": {
			"Name": "string",
			"Client": "string",
			"Response": "string"
		}
	},
 "chains": {
  "ButtonActionChain": {
			"description": "",
			"variables": {
				"detail": {
					"required": true,
					"type": "any",
					"input": "fromCaller"
				}
			},
			"root": "callRestEndpoint1",
			"actions": {
				"callRestEndpoint1": {
					"module": "vb/action/builtin/restAction",
					"parameters": {
						"endpoint": "icApiIntegrationV1FlowsRestOAKWOODDEMO1_0/postPost",
						"body": "{{ $page.variables.post }}"
					},
					"outcomes": {
						"success": "assignVariables1"
					}
				},
				"assignVariables1": {
					"module": "vb/action/builtin/assignVariablesAction",
					"parameters": {
						"$page.variables.responseClient": {
							"source": {
								"Client": "{{ $chain.results.callRestEndpoint1.body.Client }}"
							},
							"reset": "none",
							"auto": "always"
						},
						"$page.variables.responseName": {
							"source": {
								"Name": "{{ $chain.results.callRestEndpoint1.body.Name }}"
							},
							"reset": "none",
							"auto": "always"
						}
					}
				}
			}
		},
  "unhideResults": {
   "description": "",
   "variables": {
				"detail": {
					"required": true,
					"type": "any",
					"input": "fromCaller"
				}
			},
   "root": "callModuleFunction1",
   "actions": {
    "callModuleFunction1": {
     "module": "vb/action/builtin/callModuleFunctionAction",
     "parameters": {
      "module": "{{$page.functions}}",
      "functionName": "unhideResults"
     }
    }
   }
  },
  "sendRequest": {
			"description": "",
			"variables": {
				"detail": {
					"required": true,
					"type": "any",
					"input": "fromCaller"
				}
			},
			"root": "callModuleFunction1",
			"actions": {
				"callPostEndpoint": {
					"module": "vb/action/builtin/restAction",
					"parameters": {
						"endpoint": "icApiIntegrationV1FlowsRestOAKWOODDEMO1_0/postPost",
						"responseType": "any",
						"body": "{{ $page.variables.postRequest }}"
					},
					"outcomes": {
						"success": "assignVariables1"
					}
				},
				"callModuleFunction1": {
					"module": "vb/action/builtin/callModuleFunctionAction",
					"parameters": {
						"module": "{{$page.functions}}",
						"functionName": "printRequest",
						"params": [
							"{{ $page.variables.postRequest }}"
						]
					},
					"outcomes": {
						"success": "callPostEndpoint"
					}
				},
				"assignVariables1": {
					"module": "vb/action/builtin/assignVariablesAction",
					"parameters": {
						"$page.variables.postResponse": {
							"source": "{{ $chain.results.callPostEndpoint.body }}",
							"auto": "always"
						}
					}
				}
			}
		}
 },
 "eventListeners": {
  "ojButton18212526882OjAction": {
			"chains": [
				{
					"chainId": "unhideResults",
					"parameters": {
						"detail": "{{ $event.detail }}"
					}
				},
				{
					"chainId": "sendRequest"
				}
			]
		},
        "ojInputText18212526882Value": {
            "chains": [
                {
                    "chainId": "unhideResults"
                },
                {
                    "chainId": "sendRequest"
                }
            ]
        }
 },
 "imports": {
		"components": {
			"oj-button": {
				"path": "ojs/ojbutton"
			},
			"oj-label": {
				"path": "ojs/ojlabel"
			},
			"oj-input-text": {
				"path": "ojs/ojinputtext"
			},
			"oj-select-many": {
				"path": "ojs/ojselectcombobox"
			},
			"oj-combobox-many": {
				"path": "ojs/ojselectcombobox"
			},
			"oj-combobox-one": {
				"path": "ojs/ojselectcombobox"
			},
			"oj-switch": {
				"path": "ojs/ojswitch"
			},
			"oj-text-area": {
				"path": "ojs/ojinputtext"
			},
			"oj-option": {
				"path": "ojs/ojoption"
			}
		}
	}
}