{
  "applicationModelVersion": "18.4.5",
  "id": "starter",
  "description": "A new VB app",
  "defaultPage": "shell",
  "chains": {},
  "services": {
    "icApiIntegrationV1FlowsRestOAKWOODDEMO1_0": {
      "path": "../../services/icApiIntegrationV1FlowsRestOAKWOODDEMO1_0/service.json"
    },
    "icApiIntegrationV1FlowsRestCREDIT2B_CANDIDATE_LOOKUP2_1_0Lookup": {
      "path": "../../services/icApiIntegrationV1FlowsRestCREDIT2B_CANDIDATE_LOOKUP2_1_0Lookup/service.json"
    }
  },
  "translations": {
    "app": {
      "path": "./resources/strings/app/nls/app-strings"
    }
  },
  "types": {},
  "variables": {},
  "userConfig": {
    "type": "vb/DefaultSecurityProvider",
    "configuration": {}
  },
  "security":{}
}